菓子パン	レーズンバターサンド
菓子パン	メロンパン
菓子パン	りんごチーズケーキ
菓子パン	パイナップルとカスタード
菓子パン	抹茶マーブル
菓子パン	きなこあんぱん
菓子パン	夏野菜のカレーぱん
菓子パン	ソフトフランス
菓子パン	抹茶スイートブール(ホワイトチョコ入り)
菓子パン	さつまいもあんぱん
菓子パン	カスタードマーブル
菓子パン	クリームぱん
菓子パン	夏野菜のピザ
菓子パン	かぼちゃあんぱん
菓子パン	紅茶クリーム
菓子パン	ホワイトチョコカスタード
菓子パン	さつまいもとアーモンドクリーム
菓子パン	抹茶パン
菓子パン	チーズケーキぱん(クランベリー入り)
菓子パン	フレンチトースト
菓子パン	クロックムッシュ
菓子パン	ブロッコリーのフォカッチャ
菓子パン	イングリッシュマフィン
菓子パン	かぼちゃの白ぱん(レーズン入り)
菓子パン	キャラメルりんご
菓子パン	レモンクリーム
菓子パン	チョコワッフル
菓子パン	カレーぱん
菓子パン	かぼちゃの白ぱん
菓子パン	レーズンとくるみ
菓子パン	プレーンワッフル
菓子パン	カレーパン
菓子パン	ホワイトチョコクリーム
菓子パン	あんぱん
菓子パン	シナモンロール
菓子パン	カスタードとクリームチーズ
菓子パン	ハムたまご
菓子パン	ミルクハース
菓子パン	オレンジの白ぱん
菓子パン	チョコスイートブール
菓子パン	白あんぱん
菓子パン	じゃがいもベーコン
菓子パン	大納言とクリームチーズ
菓子パン	ぶどうシュガー
菓子パン	チョコチップめろんぱん
菓子パン	抹茶ぱん
菓子パン	アーモンドロール
菓子パン	クリームチーズとカスタード
菓子パン	オニオンベーコン
菓子パン	くるみとアーモンドクリーム
菓子パン	チーズケーキぱん
菓子パン	抹茶あんぱん
菓子パン	桃とカスタード
菓子パン	キャラメルマーブル
菓子パン	レーズンカスタード
菓子パン	くるみとマロンクリーム
菓子パン	ウインナーチーズ
菓子パン	黒糖くるみ
菓子パン	チョコカスタード
菓子パン	キャラメルカスタード
菓子パン	ブリオッシュ(卵とバターが多めのリッチな生地のパン)
菓子パン	リンゴとアーモンドクリーム
菓子パン	じゃがいものフォカッチャ
菓子パン	グラタンぱん
菓子パン	シュガートップ
菓子パン	チョコぱん
菓子パン	ミルククリーム
菓子パン	アーモンドクリームロール
菓子パン	フォカッチャ(バジルと塩)
菓子パン	ずんだあんぱん
菓子パン	チーズケーキぱん(クランベリー)
菓子パン	メープルシュガー
菓子パン	コーンぱん
菓子パン	抹茶クリーム
菓子パン	チーズぱん
菓子パン	いちごの白ぱん
菓子パン	白あんとクリームチーズ
菓子パン	りんごシナモン
菓子パン	スイートブール(カスタード入り)
菓子パン	桜もちあんぱん(桜あん + おもち)
菓子パン	いちごクリーム(自家製いちごジャム使用)
菓子パン	さつまいもカスタード
菓子パン	チョコイングリッシュマフィン
菓子パン	マロンマーブル
菓子パン	チーズフォカッチャ
菓子パン	いちごとホワイトチョコのクグロフ
菓子パン	チョコぱん(自家製レーズン酵母使用)
菓子パン	チョコマーブル
菓子パン	オレンジアーモンドクリーム
菓子パン	レーズンシュガー
菓子パン	紅茶クリームぱん
菓子パン	あんことくるみ
菓子パン	りんごとクリームチーズ
菓子パン	たまごとチーズ
菓子パン	オレンジクリームぱん
菓子パン	ココアスイートブール(チョコクリーム入り)
菓子パン	プレーンフォカッチャ(オリーブオイルと塩、100円)
菓子パン	ミルククリームぱん(ココア生地)
菓子パン	桜あんぱん
菓子パン	おこめのイングリッシュマフィン
菓子パン	シチューぱん
菓子パン	レーズンくるみパン
菓子パン	いちごミルクマーブル(自家製いちごジャム使用)
菓子パン	レーズンバタークリーム
菓子パン	りんごとカスタード
菓子パン	ピザぱん
菓子パン	チョコとオレンジ
菓子パン	くるみあんぱん
菓子パン	りんごとアーモンドクリーム
菓子パン	ももとカスタード
菓子パン	キャラメルバナナ
菓子パン	ティラミスクリーム
菓子パン	紅茶クリームとりんご
菓子パン	自家製レーズン酵母の白ぱん
菓子パン	いちごのデニッシュ(滝野産いちごを使用)
菓子パン	クリームチーズのデニッシュ
菓子パン	きのこのシチューパン
菓子パン	レーズンロール(自家製レーズン酵母使用)
菓子パン	紅茶のクリームぱん
菓子パン	いちごミルク
菓子パン	オレンジクリーム
菓子パン	りんごとレーズン
菓子パン	お米のイングリッシュマフィン
菓子パン	さつまいもとカスタード
菓子パン	チーズケーキぱん(レーズン入り)
菓子パン	ショコラフレンチトースト
菓子パン	紫いもあんぱん
菓子パン	リンゴとシナモン
菓子パン	かぼちゃの白ぱん(100円)
菓子パン	シチューパン
菓子パン	はちみつの白ぱん(100円)
菓子パン	スイートポテトぱん
菓子パン	ピザぱん (200円)
菓子パン	オレンジとチョコの白ぱん
菓子パン	キャラメルクリーム
菓子パン	オレンジアーモンド
菓子パン	カスタードとチョコ
菓子パン	白ぱん(ミニサイズなので100円)
菓子パン	白ぱん
菓子パン	りんごとシナモン
菓子パン	お米のぱん(ミニサイズなので100円)
菓子パン	たまごコーンぱん
菓子パン	かぼちゃのイングリッシュマフィン
菓子パン	チョコクリーム
菓子パン	紫芋あんぱん
菓子パン	かぼちゃのプチぱん(100円)
菓子パン	かぼちゃのロールパン
菓子パン	りんごとアーモンド
菓子パン	チョコホイップ
菓子パン	ピザパン
菓子パン	黒糖くるみ(※)
菓子パン	チーズぱん(※)
菓子パン	※ミニサイズなので100円
菓子パン	クグロフ（プレーン生地にラム酒付けドライフルーツとくるみ）
菓子パン	桃のデザートぱん
菓子パン	いちごのクリームパン
菓子パン	チキンのシチューパン
ベーグル	ショコラ
ベーグル	ドライパインとクリームチーズ
ベーグル	抹茶とホワイトチョコ
ベーグル	黒ごまチーズ
ベーグル	オレンジとチョコ
ベーグル	抹茶と白あん
ベーグル	チーズと黒こしょう
ベーグル	抹茶とあずき
ベーグル	チーズ
ベーグル	黒ごまとチーズ
ベーグル	コーヒーとチョコ
ベーグル	黒糖レーズン
ベーグル	オレンジ
ベーグル	黒糖とくるみ
ベーグル	さくらあん
ベーグル	クランベリーとクリームチーズ
ベーグル	コーヒーとホワイトチョコ
ベーグル	ショコラベーグル
ベーグル	チョコとクリームチーズ
ベーグル	チョコとオレンジ
食パン	プレーン
食パン	チョコマーブル
食パン	レーズン
食パン	メープル
食パン	オレンジ
食パン	いちごミルクマーブル
食パン	チョコチップ
食パン	シンプル食パン(牛乳不使用、砂糖バター控えめ)
食パン	パイン
食パン	黒糖レーズン
食パン	抹茶マーブル
食パン	かぼちゃ
ハード系	プレーンバゲット
ハード系	カレーベーコンエピ
ハード系	ベーコンエピ
ハード系	チーズバゲット
ハード系	ショコラバゲット
ハード系	チーズベーコンエピ
ハード系	抹茶とあずきバゲット
ハード系	黒ごまとチーズのクッペ
ハード系	チョコとクリームチーズのハードパン
ハード系	ベーコンチーズエピ
ハード系	チョコクッペ
ハード系	抹茶バゲット
ハード系	クランベリーとクリームチーズのハードパン
ハード系	コーヒーとチョコのクッペ
ハード系	メープルクッペ
ハード系	チーズクッペ
ハード系	ウインナーのミニバゲット
ハード系	プレーンバゲット(ライ麦入り)
ハード系	チーズと黒こしょうのクッペ
ハード系	抹茶とあずき
ハード系	ウインナーとマスタード
ハード系	オレンジクッペ
ハード系	ウインナーとマスタードのバゲット
ハード系	抹茶とホワイトチョコのクッペ
ハード系	抹茶とあずきのバゲット
ハード系	ベーコンエピ(黒こしょう)
ハード系	オレンジとチョコのクッペ
ハード系	抹茶とホワイトチョコのバゲット
ハード系	プレーンカンパーニュ
ハード系	クランベリーとくるみのカンパーニュ
ハード系	メープルとくるみのカンパーニュ
ハード系	ドライフルーツのカンパーニュ
ハード系	チーズカンパーニュ
ハード系	レーズンとくるみのカンパーニュ
ハード系	ドライパインのカンパーニュ
ハード系	黒胡椒ベーコンエピ
ハード系	クランベリーのくるみのカンパーニュ
ハード系	ベーコンエピ(黒胡椒入り)
ハード系	クランベリーのカンパーニュ
ハード系	バゲット
ハード系	ウインナーとマスタードのミニバゲット
ハード系	抹茶とあずきのクッペ
ハード系	カンパーニュプレーン
ハード系	クランベリーとホワイトチョコのカンパーニュ
ハード系	さつまいものカンパーニュ
ハードパン	あずきとクリームチーズ(抹茶生地)
ハードパン	チョコとクリームチーズ
ハードパン	クランベリーとクリームチーズ
ハードパン	ウインナーとマスタード
ハードパン	白あんとクリームチーズ
ハードパン	ベーコンとチーズ
ハードパン	ウインナー
ハードパン	クリームチーズとあずき(抹茶生地)
ハードパン	さくらあんとクリームチーズ
ハードパン	メープルとくるみ
ハードパン	ドライいちじくとチョコ(ココア生地)
ハードパン	黒ごまチーズ
ハードパン	抹茶とクリームチーズ
ハードパン	さつまいもと黒ごま
ハードパン	ショコラオレンジ
カンパーニュ	プレーン
カンパーニュ	メープルとくるみ
カンパーニュ	ドライフルーツ
カンパーニュ	クランベリーとくるみ
カンパーニュ	チーズ
カンパーニュ	メープル
カンパーニュ	ドライパイン
カンパーニュ	レーズンとくるみ
カンパーニュ	クランベリー
カンパーニュ	ドライフルーツとくるみ
カンパーニュ	レーズン(2種類のレーズン入り)
カンパーニュ	チーズ(2種類のチーズ入り)
カンパーニュ	レーズン(レーズン2種類入り)
カンパーニュ	くるみとクランベリー
カンパーニュ	くるみとレーズン
カンパーニュ	くるみとメープル
カンパーニュ	さつまいも
カンパーニュ	P.S.
クッペ	黒ごまチーズ
クッペ	コーヒーとチョコ
クッペ	抹茶とホワイトチョコ
クッペ	チーズ
クッペ	メープル
クッペ	チョコ
クッペ	黒ごま
バゲット	プレーン
バゲット	ショコラ
バゲット	抹茶とあずき
バゲット	ウィンナー
クロワッサン	プレーン
クロワッサン	チョコ
