菓子パン	アーモンドクリームロール
菓子パン	アーモンドロール
菓子パン	あんことくるみ
菓子パン	あんぱん
菓子パン	いちごクリーム(自家製いちごジャム使用)
菓子パン	いちごとホワイトチョコのクグロフ
菓子パン	いちごのクリームパン
菓子パン	いちごのデニッシュ(滝野産いちごを使用)
菓子パン	いちごの白ぱん
菓子パン	いちごミルク
菓子パン	いちごミルクマーブル(自家製いちごジャム使用)
菓子パン	イングリッシュマフィン
菓子パン	ウインナーチーズ
菓子パン	おこめのイングリッシュマフィン
菓子パン	オニオンベーコン
菓子パン	オレンジアーモンドクリーム
菓子パン	オレンジクリーム
菓子パン	オレンジクリームぱん
菓子パン	オレンジとチョコの白ぱん
菓子パン	オレンジの白ぱん
菓子パン	お米のイングリッシュマフィン
菓子パン	お米のぱん
菓子パン	カスタードとクリームチーズ
菓子パン	カスタードとチョコ
菓子パン	カスタードマーブル
菓子パン	かぼちゃあんぱん
菓子パン	かぼちゃのイングリッシュマフィン
菓子パン	かぼちゃのプチぱん
菓子パン	かぼちゃのロールパン
菓子パン	かぼちゃの白ぱん
菓子パン	かぼちゃの白ぱん
菓子パン	かぼちゃの白ぱん(レーズン入り)
菓子パン	カレーぱん
菓子パン	カレーパン
菓子パン	きなこあんぱん
菓子パン	きのこのシチューパン
菓子パン	キャラメルカスタード
菓子パン	キャラメルクリーム
菓子パン	キャラメルバナナ
菓子パン	キャラメルマーブル
菓子パン	キャラメルりんご
菓子パン	クグロフ（プレーン生地にラム酒付けドライフルーツとくるみ）
菓子パン	グラタンぱん
菓子パン	クリームチーズとカスタード
菓子パン	クリームチーズのデニッシュ
菓子パン	クリームぱん
菓子パン	くるみあんぱん
菓子パン	くるみとアーモンドクリーム
菓子パン	くるみとマロンクリーム
菓子パン	クロックムッシュ
菓子パン	コーンぱん
菓子パン	ココアスイートブール(チョコクリーム入り)
菓子パン	さつまいもあんぱん
菓子パン	さつまいもカスタード
菓子パン	さつまいもとアーモンドクリーム
菓子パン	シチューぱん
菓子パン	シナモンロール
菓子パン	じゃがいものフォカッチャ
菓子パン	じゃがいもベーコン
菓子パン	シュガートップ
菓子パン	ショコラフレンチトースト
菓子パン	スイートブール(カスタード入り)
菓子パン	スイートポテトぱん
菓子パン	ずんだあんぱん
菓子パン	ソフトフランス
菓子パン	たまごコーンぱん
菓子パン	たまごとチーズ
菓子パン	チーズケーキぱん
菓子パン	チーズケーキぱん(クランベリー入り)
菓子パン	チーズケーキぱん(レーズン入り)
菓子パン	チーズぱん
菓子パン	チーズフォカッチャ
菓子パン	チキンのシチューパン
菓子パン	チョコイングリッシュマフィン
菓子パン	チョコカスタード
菓子パン	チョコクリーム
菓子パン	チョコスイートブール
菓子パン	チョコチップめろんぱん
菓子パン	チョコとオレンジ
菓子パン	チョコぱん
菓子パン	チョコぱん(自家製レーズン酵母使用)
菓子パン	チョコホイップ
菓子パン	チョコマーブル
菓子パン	チョコワッフル
菓子パン	ティラミスクリーム
菓子パン	パイナップルとカスタード
菓子パン	はちみつの白ぱん
菓子パン	ハムたまご
菓子パン	ピザぱん
菓子パン	フォカッチャ(バジルと塩)
菓子パン	ぶどうシュガー
菓子パン	ブリオッシュ(卵とバターが多めのリッチな生地のパン)
菓子パン	プレーンフォカッチャ(オリーブオイルと塩)
菓子パン	プレーンワッフル
菓子パン	フレンチトースト
菓子パン	ブロッコリーのフォカッチャ
菓子パン	ホワイトチョコカスタード
菓子パン	ホワイトチョコクリーム
菓子パン	マロンマーブル
菓子パン	ミルククリーム
菓子パン	ミルククリームぱん(ココア生地)
菓子パン	ミルクハース
菓子パン	メープルシュガー
菓子パン	メロンパン
菓子パン	ももとカスタード
菓子パン	りんごシナモン
菓子パン	りんごチーズケーキ
菓子パン	りんごとアーモンド
菓子パン	りんごとアーモンドクリーム
菓子パン	りんごとカスタード
菓子パン	りんごとクリームチーズ
菓子パン	りんごとシナモン
菓子パン	りんごとレーズン
菓子パン	レーズンカスタード
菓子パン	レーズンくるみパン
菓子パン	レーズンシュガー
菓子パン	レーズンとくるみ
菓子パン	レーズンバタークリーム
菓子パン	レーズンバターサンド
菓子パン	レーズンロール(自家製レーズン酵母使用)
菓子パン	レモンクリーム
菓子パン	夏野菜のカレーぱん
菓子パン	夏野菜のピザ
菓子パン	紅茶クリーム
菓子パン	紅茶クリームとりんご
菓子パン	黒糖くるみ
菓子パン	桜あんぱん
菓子パン	桜もちあんぱん(桜あん + おもち)
菓子パン	紫いもあんぱん
菓子パン	自家製レーズン酵母の白ぱん
菓子パン	大納言とクリームチーズ
菓子パン	桃とカスタード
菓子パン	桃のデザートぱん
菓子パン	白あんとクリームチーズ
菓子パン	白あんぱん
菓子パン	白ぱん
菓子パン	抹茶あんぱん
菓子パン	抹茶クリーム
菓子パン	抹茶スイートブール(ホワイトチョコ入り)
菓子パン	抹茶ぱん
菓子パン	抹茶マーブル
ベーグル	オレンジ
ベーグル	オレンジとチョコ
ベーグル	クランベリーとクリームチーズ
ベーグル	コーヒーとチョコ
ベーグル	コーヒーとホワイトチョコ
ベーグル	さくらあん
ベーグル	ショコラ
ベーグル	チーズ
ベーグル	チーズと黒こしょう
ベーグル	チョコとクリームチーズ
ベーグル	ドライパインとクリームチーズ
ベーグル	黒ごまチーズ
ベーグル	黒糖とくるみ
ベーグル	黒糖レーズン
ベーグル	抹茶とあずき
ベーグル	抹茶とホワイトチョコ
ベーグル	抹茶と白あん
食パン	いちごミルクマーブル
食パン	オレンジ
食パン	かぼちゃ
食パン	シンプル食パン(牛乳不使用、砂糖バター控えめ)
食パン	チョコチップ
食パン	チョコマーブル
食パン	パイン
食パン	プレーン
食パン	メープル
食パン	レーズン
食パン	黒糖レーズン
食パン	抹茶マーブル
バゲット	ウィンナー
バゲット	ショコラ
バゲット	プレーン
バゲット	抹茶とあずき
カンパーニュ	クランベリー
カンパーニュ	クランベリーとくるみ
カンパーニュ	さつまいも
カンパーニュ	チーズ
カンパーニュ	チーズ(2種類のチーズ入り)
カンパーニュ	ドライパイン
カンパーニュ	ドライフルーツ
カンパーニュ	ドライフルーツとくるみ
カンパーニュ	プレーン
カンパーニュ	メープル
カンパーニュ	メープルとくるみ
カンパーニュ	レーズン(2種類のレーズン入り)
カンパーニュ	レーズン(レーズン2種類入り)
カンパーニュ	レーズンとくるみ
クッペ	コーヒーとチョコ
クッペ	チーズ
クッペ	チョコ
クッペ	メープル
クッペ	黒ごま
クッペ	黒ごまチーズ
クッペ	抹茶とホワイトチョコ
ハードパン	あずきとクリームチーズ(抹茶生地)
ハードパン	ウインナー
ハードパン	ウインナーとマスタード
ハードパン	クランベリーとクリームチーズ
ハードパン	クリームチーズとあずき(抹茶生地)
ハードパン	さくらあんとクリームチーズ
ハードパン	さつまいもと黒ごま
ハードパン	ショコラオレンジ
ハードパン	チョコとクリームチーズ
ハードパン	ドライいちじくとチョコ(ココア生地)
ハードパン	ベーコンとチーズ
ハードパン	メープルとくるみ
ハードパン	黒ごまチーズ
ハードパン	白あんとクリームチーズ
ハードパン	抹茶とクリームチーズ
クロワッサン	チョコ
クロワッサン	プレーン
ハード系	ウインナーとマスタード
ハード系	ウインナーとマスタードのバゲット
ハード系	ウインナーとマスタードのミニバゲット
ハード系	ウインナーのミニバゲット
ハード系	オレンジクッペ
ハード系	オレンジとチョコのクッペ
ハード系	カレーベーコンエピ
ハード系	クランベリーとクリームチーズのハードパン
ハード系	コーヒーとチョコのクッペ
ハード系	ショコラバゲット
ハード系	チーズクッペ
ハード系	チーズと黒こしょうのクッペ
ハード系	チーズバゲット
ハード系	チーズベーコンエピ
ハード系	チョコクッペ
ハード系	チョコとクリームチーズのハードパン
ハード系	バゲット
ハード系	プレーンバゲット
ハード系	プレーンバゲット(ライ麦入り)
ハード系	ベーコンエピ
ハード系	ベーコンエピ(黒こしょう)
ハード系	ベーコンエピ(黒胡椒入り)
ハード系	ベーコンチーズエピ
ハード系	メープルクッペ
ハード系	黒ごまとチーズのクッペ
ハード系	黒胡椒ベーコンエピ
ハード系	抹茶とあずき
ハード系	抹茶とあずきのクッペ
ハード系	抹茶とあずきのバゲット
ハード系	抹茶とあずきバゲット
ハード系	抹茶とホワイトチョコのクッペ
ハード系	抹茶とホワイトチョコのバゲット
ハード系	抹茶バゲット
