1	アーモンドクリームロール	アーモンド		
2	アーモンドロール	アーモンド		
3	あんことくるみ	あんこ	くるみ	
4	あんぱん	あんこ		
5	いちごクリーム(自家製いちごジャム使用)	いちご		
6	いちごとホワイトチョコのクグロフ	いちご	ホワイトチョコ	クグロフ
7	いちごのクリームパン	いちご		
8	いちごのデニッシュ(滝野産いちごを使用)	いちご	デニッシュ	
9	いちごの白ぱん	いちご	白ぱん	
10	いちごミルク	いちご		
11	いちごミルクマーブル(自家製いちごジャム使用)	いちご	マーブル	
12	イングリッシュマフィン	マフィン		
13	ウインナーチーズ	ウインナー	チーズ	
15	オニオンベーコン	オニオン	ベーコン	
16	オレンジアーモンドクリーム	オレンジ	アーモンド	
17	オレンジクリーム	オレンジ		
18	オレンジクリームぱん	オレンジ		
19	オレンジとチョコの白ぱん	オレンジ	チョコ	白ぱん
20	オレンジの白ぱん	オレンジ	白ぱん	
21	お米のイングリッシュマフィン	お米	マフィン	
22	お米のぱん	お米		
23	カスタードとクリームチーズ	カスタード	クリームチーズ	
24	カスタードとチョコ	カスタード	チョコ	
25	カスタードマーブル	カスタード	マーブル	
26	かぼちゃあんぱん	かぼちゃ		
27	かぼちゃのイングリッシュマフィン	かぼちゃ	マフィン	
28	かぼちゃのプチぱん	かぼちゃ	プチぱん	
29	かぼちゃのロールパン	かぼちゃ	ロールパン	
30	かぼちゃの白ぱん	かぼちゃ	白ぱん	
32	かぼちゃの白ぱん(レーズン入り)	かぼちゃ	白ぱん	レーズン
33	カレーぱん	カレー		
35	きなこあんぱん	きなこ	あんこ	
36	きのこのシチューパン	シチュー		
37	キャラメルカスタード	キャラメル	カスタード	
38	キャラメルクリーム	キャラメル	クリーム	
39	キャラメルバナナ	キャラメル	バナナ	
40	キャラメルマーブル	キャラメル	マーブル	
41	キャラメルりんご	キャラメル	りんご	
42	クグロフ（プレーン生地にラム酒付けドライフルーツとくるみ）	クグロフ	ドライフルーツ	くるみ
43	グラタンぱん	グラタン		
44	クリームチーズとカスタード	クリームチーズ	カスタード	
45	クリームチーズのデニッシュ	クリームチーズ	デニッシュ	
46	クリームぱん	クリーム		
47	くるみあんぱん	くるみ	あんこ	
48	くるみとアーモンドクリーム	くるみ	アーモンド	
49	くるみとマロンクリーム	くるみ	マロン	
50	クロックムッシュ	クロック	ムッシュ	
51	コーンぱん	コーン		
52	ココアスイートブール(チョコクリーム入り)	ココア	スイートブール	チョコ
53	さつまいもあんぱん	さつまいも		
54	さつまいもカスタード	さつまいも	カスタード	
55	さつまいもとアーモンドクリーム	さつまいも	アーモンド	
56	シチューぱん	シチュー		
57	シナモンロール	シナモン		
58	じゃがいものフォカッチャ	じゃがいも	フォカッチャ	
59	じゃがいもベーコン	じゃがいも	ベーコン	
60	シュガートップ	シュガートップ		
61	ショコラフレンチトースト	ショコラ	フレンチトースト	
62	スイートブール(カスタード入り)	スイートブール	カスタード	
63	スイートポテトぱん	スイートポテト		
64	ずんだあんぱん	ずんだあん		
65	ソフトフランス	ソフトフランス		
66	たまごコーンぱん	たまご	コーン	
67	たまごとチーズ	たまご	チーズ	
68	チーズケーキぱん	チーズケーキ	
69	チーズケーキぱん(クランベリー入り)	チーズケーキ	クランベリー
70	チーズケーキぱん(レーズン入り)	チーズケーキ	レーズン
71	チーズぱん	チーズ	
72	チーズフォカッチャ	チーズ	フォカッチャ
73	チキンのシチューパン	チキン	シチュー
74	チョコイングリッシュマフィン	チョコ	マフィン
75	チョコカスタード	チョコ	カスタード
76	チョコクリーム	チョコ	クリーム
77	チョコスイートブール	チョコ	スイートブール
78	チョコチップめろんぱん	チョコ	メロンぱん
79	チョコとオレンジ	チョコ	オレンジ
80	チョコぱん	チョコ	
81	チョコぱん(自家製レーズン酵母使用)	チョコ	自家製レーズン酵母
82	チョコホイップ	チョコ	
83	チョコマーブル	チョコ	マーブル
84	チョコワッフル	チョコ	ワッフル
85	ティラミスクリーム	ティラミスクリーム	
86	パイナップルとカスタード	パイナップル	カスタード
87	はちみつの白ぱん	はちみつ	白ぱん
88	ハムたまご	ハム	たまご
89	ピザぱん	ピザ	
90	フォカッチャ(バジルと塩)	フォカッチャ	バジル
91	ぶどうシュガー	ぶどう	シュガー
92	ブリオッシュ(卵とバターが多めのリッチな生地のパン)	ブリオッシュ	
93	プレーンフォカッチャ(オリーブオイルと塩)	フォカッチャ	オリーブオイル
94	プレーンワッフル	ワッフル	
95	フレンチトースト	フレンチトースト	
96	ブロッコリーのフォカッチャ	ブロッコリー	フォカッチャ
97	ホワイトチョコカスタード	ホワイトチョコ	
98	ホワイトチョコクリーム	ホワイトチョコ	
99	マロンマーブル	マロン	マーブル
100	ミルククリーム	ミルククリーム	
101	ミルククリームぱん(ココア生地)	ミルククリーム	ココア
102	ミルクハース	ミルクハース	
103	メープルシュガー	メープル	
104	メロンパン	メロンぱん	
105	ももとカスタード	もも	カスタード
106	りんごシナモン	りんご	シナモン
107	りんごチーズケーキ	りんご	チーズケーキ
108	りんごとアーモンド	りんご	アーモンド
109	りんごとアーモンドクリーム	りんご	アーモンド
110	りんごとカスタード	りんご	カスタード
111	りんごとクリームチーズ	りんご	クリームチーズ
112	りんごとシナモン	りんご	シナモン
113	りんごとレーズン	りんご	レーズン
114	レーズンカスタード	レーズン	カスタード
115	レーズンくるみパン	レーズン	くるみ
116	レーズンシュガー	レーズン	
117	レーズンとくるみ	レーズン	くるみ
118	レーズンバタークリーム	レーズン	バタークリーム
119	レーズンバターサンド	レーズン	バターサンド
120	レーズンロール(自家製レーズン酵母使用)	レーズン	自家製レーズン酵母
121	レモンクリーム	レモン	
122	夏野菜のカレーぱん	夏野菜	カレー
123	夏野菜のピザ	夏野菜	ピザ
124	紅茶クリーム	紅茶クリーム	
125	紅茶クリームとりんご	紅茶クリーム	りんご
126	黒糖くるみ	黒糖	くるみ
127	桜あんぱん	桜あん	
128	桜もちあんぱん(桜あん + おもち)	もち	桜あん
129	紫いもあんぱん	紫いも	
130	自家製レーズン酵母の白ぱん	自家製レーズン酵母	白ぱん
131	大納言とクリームチーズ	大納言	クリームチーズ
132	桃とカスタード	桃	カスタード	
133	桃のデザートぱん	桃	デザートぱん	
134	白あんとクリームチーズ	白あん	クリームチーズ	
135	白あんぱん	白あん		
136	白ぱん	白ぱん		
137	抹茶あんぱん	抹茶		
138	抹茶クリーム	抹茶		
139	抹茶スイートブール(ホワイトチョコ入り)	抹茶	スイートブール	ホワイトチョコ
140	抹茶ぱん	抹茶		
141	抹茶マーブル	抹茶	マーブル	
246	カルピスクリーム	カルピスクリーム		
247	マンゴーチーズケーキ	マンゴー	チーズケーキ	
248	かぼちゃあんぱん	かぼちゃ		
249	ツナコーン	ツナ	コーン	
250	ナスと鶏のカレーぱん	ナス	鶏	カレー
